csv_row,tts_normalized,dataset,lookup_key,lookup_type,protocol_col,status,occurrences,matched_rows,sample_values
2,VoiceTextWebAPI,ASV19,A13,code,4,PASS,4914,5;11;21;25;28;31;34;51;64;65;107;140;149;152;154;195;200;241;253;267;280;282;285;300;307;311;329;336;346;360;391;396;412;418;490;511;514;538;550;551;552;553;568;572;574;598;602;610;611;615,A13;A13;A13;A13;A13
3,ASR-TTS,ASV19,A14,code,4,PASS,4914,2;24;36;59;66;84;104;136;137;172;207;214;215;216;230;232;246;251;301;312;314;318;326;327;330;356;370;377;423;433;443;454;486;493;505;509;515;545;560;564;577;580;603;618;620;642;646;659;666;678,A14;A14;A14;A14;A14
4,MaryTTS,ASV19,A16,code,4,PASS,4914,3;12;19;29;45;55;72;85;105;117;161;198;204;219;220;222;247;249;250;264;268;289;308;309;313;319;328;334;335;341;363;383;405;410;431;439;448;451;463;464;468;472;473;499;522;523;529;592;593;597,A16;A16;A16;A16;A16
5,NN-VC,ASV19,A17,code,4,PASS,4914,15;22;27;30;39;42;53;106;124;126;129;138;146;162;184;186;189;208;217;235;279;295;310;352;354;366;367;369;387;394;397;432;434;437;458;462;467;496;537;557;576;600;607;643;680;687;707;716;717;731,A17;A17;A17;A17;A17
6,Non-parallel VC,ASV19,A18,code,4,PASS,4914,10;23;32;75;76;90;92;120;158;166;178;180;192;203;210;225;226;240;242;322;337;340;392;398;402;407;416;424;435;444;536;543;544;555;575;595;608;622;651;660;681;684;702;750;766;771;783;793;828;833,A18;A18;A18;A18;A18
7,Transfer-function VC,ASV19,A19,code,4,PASS,4914,67;81;101;135;147;157;168;175;194;199;209;218;234;239;258;276;283;292;296;393;453;460;474;475;477;520;528;558;559;565;638;652;653;710;727;742;743;746;759;765;768;785;786;787;791;798;803;826;863;864,A19;A19;A19;A19;A19
8,ZMM-TTS,ASV5,A17,code,8,PASS,34414,12;38;39;44;83;95;106;109;140;163;169;203;229;233;243;244;248;275;278;309;321;331;342;351;364;393;414;423;428;456;468;469;483;499;513;553;574;597;612;643;647;657;661;663;666;683;700;710;721;740,A17;A17;A17;A17;A17
9,MaryTTS,ASV5,A19,code,8,PASS,30860,16;34;36;46;65;77;89;153;208;215;230;268;305;314;340;341;403;427;447;490;493;535;569;582;593;685;688;729;748;766;787;809;826;865;909;966;990;1000;1013;1016;1020;1026;1045;1057;1109;1113;1120;1131;1154;1175,A19;A19;A19;A19;A19
10,ToucanTTS,ASV5,A21,code,8,PASS,34360,5;18;57;79;93;107;124;141;148;159;164;166;177;184;186;198;199;211;220;221;256;277;282;301;311;315;324;326;375;377;410;424;426;465;484;494;521;583;594;621;622;649;656;689;697;703;719;758;780;859,A21;A21;A21;A21;A21
11,ToucanTTS,ASV5,A22,code,8,PASS,34380,25;31;32;45;84;108;120;132;144;152;161;171;191;194;249;284;334;343;344;361;382;402;417;429;433;437;450;466;474;477;481;497;534;550;559;560;590;602;614;629;672;674;732;735;753;754;800;839;855;866,A22;A22;A22;A22;A22
12,Zero-Shot VC,ASV5,A26,code,8,PASS,34386,1;13;71;78;85;104;143;145;158;195;290;295;306;318;328;332;353;386;425;454;491;504;508;515;526;528;557;561;566;587;607;610;624;668;679;728;737;739;759;765;777;803;812;818;856;898;922;936;973;996,A26;A26;A26;A26;A26
13,YourTTS,ASV5,A28,code,8,PASS,34414,24;27;33;37;74;112;150;165;197;201;202;204;209;222;224;247;255;260;279;285;303;330;337;339;355;357;365;371;380;395;399;415;422;498;502;578;591;605;611;630;640;645;677;680;699;711;733;745;867;880,A28;A28;A28;A28;A28
14,XTTS,ASV5,A29,code,8,PASS,34408,22;23;42;47;76;87;91;98;99;114;121;126;138;146;162;168;263;325;367;388;435;438;441;452;516;520;556;567;658;705;727;744;791;889;904;932;941;942;944;945;952;957;967;988;993;1003;1010;1034;1070;1091,A29;A29;A29;A29;A29
15,StyleTTS2,FamousFigures,StyleTTS2,model_name,3,PASS,33318,12857;12858;12859;12860;12861;12862;12863;12864;12865;12866;12867;12868;12869;12870;12871;12872;12873;12874;12875;12876;12877;12878;12879;12880;12881;12882;12883;12884;12885;12886;12887;12888;12889;12890;12891;12892;12893;12894;12895;12896;12897;12898;12899;12900;12901;12902;12903;12904;12905;12906,STYLETTS2;STYLETTS2;STYLETTS2;STYLETTS2;STYLETTS2
16,XTTS,FamousFigures,XTTSv2,model_name,3,PASS,31924,15040;15041;15042;15043;15044;15045;15046;15047;15048;15049;15050;15051;15052;15053;15054;15055;15056;15057;15058;15059;15060;15061;15062;15063;15064;15065;15066;15067;15068;15069;15070;15071;15072;15073;15074;15075;15076;15077;15078;15079;15080;15081;15082;15083;15084;15085;15086;15087;15088;15089,XTTSV2;XTTSV2;XTTSV2;XTTSV2;XTTSV2
17,F5TTS,FamousFigures,F5TTS,model_name,3,PASS,32590,4366;4367;4368;4369;4370;4371;4372;4373;4374;4375;4376;4377;4378;4379;4380;4381;4382;4383;4384;4385;4386;4387;4388;4389;4390;4391;4392;4393;4394;4395;4396;4397;4398;4399;4400;4401;4402;4403;4404;4405;4406;4407;4408;4409;4410;4411;4412;4413;4414;4415,F5TTS;F5TTS;F5TTS;F5TTS;F5TTS
18,E2TTS,FamousFigures,E2TTS,model_name,3,PASS,33633,2184;2185;2186;2187;2188;2189;2190;2191;2192;2193;2194;2195;2196;2197;2198;2199;2200;2201;2202;2203;2204;2205;2206;2207;2208;2209;2210;2211;2212;2213;2214;2215;2216;2217;2218;2219;2220;2221;2222;2223;2224;2225;2226;2227;2228;2229;2230;2231;2232;2233,E2TTS;E2TTS;E2TTS;E2TTS;E2TTS
19,MaskGCT,FamousFigures,MaskGCT,model_name,3,PASS,20348,7650;7651;7652;7653;7654;7655;7656;7657;7658;7659;7660;7661;7662;7663;7664;7665;7666;7667;7668;7669;7670;7671;7672;7673;7674;7675;7676;7677;7678;7679;7680;7681;7682;7683;7684;7685;7686;7687;7688;7689;7690;7691;7692;7693;7694;7695;7696;7697;7698;7699,MASKGCT;MASKGCT;MASKGCT;MASKGCT;MASKGCT
20,E2TTS,MLAAD-En,E2 TTS,model_name,3,PASS,1000,48002;48003;48004;48005;48006;48007;48008;48009;48010;48011;48012;48013;48014;48015;48016;48017;48018;48019;48020;48021;48022;48023;48024;48025;48026;48027;48028;48029;48030;48031;48032;48033;48034;48035;48036;48037;48038;48039;48040;48041;48042;48043;48044;48045;48046;48047;48048;48049;48050;48051,e2-tts;e2-tts;e2-tts;e2-tts;e2-tts
21,F5TTS,MLAAD-En,F5 TTS,model_name,3,PASS,1000,49002;49003;49004;49005;49006;49007;49008;49009;49010;49011;49012;49013;49014;49015;49016;49017;49018;49019;49020;49021;49022;49023;49024;49025;49026;49027;49028;49029;49030;49031;49032;49033;49034;49035;49036;49037;49038;49039;49040;49041;49042;49043;49044;49045;49046;49047;49048;49049;49050;49051,f5-tts;f5-tts;f5-tts;f5-tts;f5-tts
22,FastPitch,MLAAD-En,FastPitch,model_name,3,PASS,1000,67002;67003;67004;67005;67006;67007;67008;67009;67010;67011;67012;67013;67014;67015;67016;67017;67018;67019;67020;67021;67022;67023;67024;67025;67026;67027;67028;67029;67030;67031;67032;67033;67034;67035;67036;67037;67038;67039;67040;67041;67042;67043;67044;67045;67046;67047;67048;67049;67050;67051,fast_pitch;fast_pitch;fast_pitch;fast_pitch;fast_pitch
23,GlowTTS,MLAAD-En,GlowTTS,model_name,3,PASS,1000,68002;68003;68004;68005;68006;68007;68008;68009;68010;68011;68012;68013;68014;68015;68016;68017;68018;68019;68020;68021;68022;68023;68024;68025;68026;68027;68028;68029;68030;68031;68032;68033;68034;68035;68036;68037;68038;68039;68040;68041;68042;68043;68044;68045;68046;68047;68048;68049;68050;68051,glow-tts;glow-tts;glow-tts;glow-tts;glow-tts
24,Kokoro,MLAAD-En,Kokoro,model_name,3,PASS,1000,52002;52003;52004;52005;52006;52007;52008;52009;52010;52011;52012;52013;52014;52015;52016;52017;52018;52019;52020;52021;52022;52023;52024;52025;52026;52027;52028;52029;52030;52031;52032;52033;52034;52035;52036;52037;52038;52039;52040;52041;52042;52043;52044;52045;52046;52047;52048;52049;52050;52051,kokoro;kokoro;kokoro;kokoro;kokoro
25,MatchaTTS,MLAAD-En,MatchaTTS,model_name,3,PASS,1000,20002;20003;20004;20005;20006;20007;20008;20009;20010;20011;20012;20013;20014;20015;20016;20017;20018;20019;20020;20021;20022;20023;20024;20025;20026;20027;20028;20029;20030;20031;20032;20033;20034;20035;20036;20037;20038;20039;20040;20041;20042;20043;20044;20045;20046;20047;20048;20049;20050;20051,MatchaTTS;MatchaTTS;MatchaTTS;MatchaTTS;MatchaTTS
26,MetaVoice-1B,MLAAD-En,Metavoice-1B,model_name,3,PASS,1000,24002;24003;24004;24005;24006;24007;24008;24009;24010;24011;24012;24013;24014;24015;24016;24017;24018;24019;24020;24021;24022;24023;24024;24025;24026;24027;24028;24029;24030;24031;24032;24033;24034;24035;24036;24037;24038;24039;24040;24041;24042;24043;24044;24045;24046;24047;24048;24049;24050;24051,Metavoice-1B;Metavoice-1B;Metavoice-1B;Metavoice-1B;Metavoice-1B
27,SpeechT5,MLAAD-En,speecht5_tts,model_name,3,PASS,1000,53002;53003;53004;53005;53006;53007;53008;53009;53010;53011;53012;53013;53014;53015;53016;53017;53018;53019;53020;53021;53022;53023;53024;53025;53026;53027;53028;53029;53030;53031;53032;53033;53034;53035;53036;53037;53038;53039;53040;53041;53042;53043;53044;53045;53046;53047;53048;53049;53050;53051,speecht5_tts;speecht5_tts;speecht5_tts;speecht5_tts;speecht5_tts
28,SpeedySpeech,MLAAD-En,speedy-speech,model_name,3,PASS,1000,71002;71003;71004;71005;71006;71007;71008;71009;71010;71011;71012;71013;71014;71015;71016;71017;71018;71019;71020;71021;71022;71023;71024;71025;71026;71027;71028;71029;71030;71031;71032;71033;71034;71035;71036;71037;71038;71039;71040;71041;71042;71043;71044;71045;71046;71047;71048;71049;71050;71051,speedy-speech;speedy-speech;speedy-speech;speedy-speech;speedy-speech
29,VixTTS,MLAAD-En,VixTTS,model_name,3,PASS,1000,82002;82003;82004;82005;82006;82007;82008;82009;82010;82011;82012;82013;82014;82015;82016;82017;82018;82019;82020;82021;82022;82023;82024;82025;82026;82027;82028;82029;82030;82031;82032;82033;82034;82035;82036;82037;82038;82039;82040;82041;82042;82043;82044;82045;82046;82047;82048;82049;82050;82051,vixTTS;vixTTS;vixTTS;vixTTS;vixTTS
30,XTTS,MLAAD-En,XTTS v1.1,model_name,3,PASS,1000,80002;80003;80004;80005;80006;80007;80008;80009;80010;80011;80012;80013;80014;80015;80016;80017;80018;80019;80020;80021;80022;80023;80024;80025;80026;80027;80028;80029;80030;80031;80032;80033;80034;80035;80036;80037;80038;80039;80040;80041;80042;80043;80044;80045;80046;80047;80048;80049;80050;80051,xtts_v1.1;xtts_v1.1;xtts_v1.1;xtts_v1.1;xtts_v1.1
31,XTTS,MLAAD-En,XTTS v2,model_name,3,PASS,1000,81002;81003;81004;81005;81006;81007;81008;81009;81010;81011;81012;81013;81014;81015;81016;81017;81018;81019;81020;81021;81022;81023;81024;81025;81026;81027;81028;81029;81030;81031;81032;81033;81034;81035;81036;81037;81038;81039;81040;81041;81042;81043;81044;81045;81046;81047;81048;81049;81050;81051,xtts_v2;xtts_v2;xtts_v2;xtts_v2;xtts_v2
32,ZipVoice,MLAAD-En,ZipVoice,model_name,3,PASS,1000,47002;47003;47004;47005;47006;47007;47008;47009;47010;47011;47012;47013;47014;47015;47016;47017;47018;47019;47020;47021;47022;47023;47024;47025;47026;47027;47028;47029;47030;47031;47032;47033;47034;47035;47036;47037;47038;47039;47040;47041;47042;47043;47044;47045;47046;47047;47048;47049;47050;47051,ZipVoice;ZipVoice;ZipVoice;ZipVoice;ZipVoice
33,GradTTS,Spoof-Celeb,A17,model_name,3,PASS,9113,27341;27342;27343;27344;27345;27346;27347;27348;27349;27350;27351;27352;27353;27354;27355;27356;27357;27358;27359;27360;27361;27362;27363;27364;27365;27366;27367;27368;27369;27370;27371;27372;27373;27374;27375;27376;27377;27378;27379;27380;27381;27382;27383;27384;27385;27386;27387;27388;27389;27390,a17;a17;a17;a17;a17
34,MatchaTTS,Spoof-Celeb,A18,model_name,3,PASS,9113,36454;36455;36456;36457;36458;36459;36460;36461;36462;36463;36464;36465;36466;36467;36468;36469;36470;36471;36472;36473;36474;36475;36476;36477;36478;36479;36480;36481;36482;36483;36484;36485;36486;36487;36488;36489;36490;36491;36492;36493;36494;36495;36496;36497;36498;36499;36500;36501;36502;36503,a18;a18;a18;a18;a18
35,BVAE-TTS,Spoof-Celeb,A22,model_name,3,PASS,9113,72906;72907;72908;72909;72910;72911;72912;72913;72914;72915;72916;72917;72918;72919;72920;72921;72922;72923;72924;72925;72926;72927;72928;72929;72930;72931;72932;72933;72934;72935;72936;72937;72938;72939;72940;72941;72942;72943;72944;72945;72946;72947;72948;72949;72950;72951;72952;72953;72954;72955,a22;a22;a22;a22;a22
36,NN-TTS,ASV19,A07,code,4,PASS,4914,37;54;61;74;82;96;128;131;139;164;174;182;190;206;212;269;272;286;287;293;297;303;306;317;339;371;385;419;442;449;459;485;489;517;518;524;525;534;540;548;549;581;583;621;658;676;682;718;733;755,A07;A07;A07;A07;A07
37,NN-TTS,ASV19,A08,code,4,PASS,4914,14;17;58;68;78;89;91;100;115;163;177;181;185;187;211;231;243;252;298;302;321;348;350;351;361;362;365;389;445;466;479;480;516;563;586;601;605;613;632;644;661;662;683;700;722;725;726;734;735;744,A08;A08;A08;A08;A08
38,NN-SPSS TTS,ASV19,A09,code,4,PASS,4914,4;7;41;50;56;60;70;102;109;110;130;176;191;205;223;227;248;259;278;281;284;381;386;409;413;422;425;429;430;457;484;501;508;512;530;533;542;546;578;594;640;657;663;674;679;699;703;724;737;747,A09;A09;A09;A09;A09
39,Tacotron 2,ASV19,A10,code,4,PASS,4914,20;35;38;43;44;57;83;86;94;132;145;150;170;238;254;261;262;263;323;342;343;344;345;347;372;382;404;406;408;415;417;421;440;452;455;470;482;483;495;502;531;541;569;570;584;591;596;606;628;670,A10;A10;A10;A10;A10
40,Tacotron 2,ASV19,A11,code,4,PASS,4914,1;33;77;80;119;122;133;143;144;156;201;224;256;260;273;277;288;305;332;368;373;376;390;401;420;427;428;450;456;481;503;526;532;535;547;566;567;571;579;585;588;590;636;637;655;656;664;690;692;695,A11;A11;A11;A11;A11
41,Neural TTS,ASV19,A12,code,4,PASS,4914,9;47;48;63;69;95;99;108;111;112;116;123;134;148;155;171;173;221;236;245;255;270;271;299;315;325;355;357;359;395;399;411;436;438;441;446;487;494;500;506;513;519;539;556;587;612;614;617;668;671,A12;A12;A12;A12;A12
42,ASR-TTS,ASV19,A15,code,4,PASS,4914,13;26;62;73;98;103;113;118;125;142;169;183;193;202;233;237;266;274;275;291;294;304;320;358;364;375;378;414;471;491;498;527;554;562;582;589;609;626;631;719;741;745;802;814;821;872;903;911;920;944,A15;A15;A15;A15;A15
43,In-house ASR-based,ASV5,A24,code,8,PASS,34338,26;40;56;61;66;68;90;151;155;160;174;178;190;196;223;257;286;289;313;316;370;372;391;398;451;460;492;495;537;573;575;595;601;609;616;625;651;690;731;743;784;794;804;806;819;822;853;876;879;883,A24;A24;A24;A24;A24
44,FishSpeech,FamousFigures,FishSpeech,model_name,3,PASS,7371,6548;6549;6550;6551;6552;6553;6554;6555;6556;6557;6558;6559;6560;6561;6562;6563;6564;6565;6566;6567;6568;6569;6570;6571;6572;6573;6574;6575;6576;6577;6578;6579;6580;6581;6582;6583;6584;6585;6586;6587;6588;6589;6590;6591;6592;6593;6594;6595;6596;6597,FISHSPEECH;FISHSPEECH;FISHSPEECH;FISHSPEECH;FISHSPEECH
45,SSRSpeech,FamousFigures,SSRSpeech,model_name,3,PASS,6747,12015;12016;12017;12018;12019;12020;12021;12022;12023;12024;12025;12026;12027;12028;12029;12030;12031;12032;12033;12034;12035;12036;12037;12038;12039;12040;12041;12042;12043;12044;12045;12046;12047;12048;12049;12050;12051;12052;12053;12054;12055;12056;12057;12058;12059;12060;12061;12062;12063;12064,SSRSPEECH;SSRSPEECH;SSRSPEECH;SSRSPEECH;SSRSPEECH
46,CosyVoice2,FamousFigures,COZYVOICE2,model_name,3,PASS,46557,2;3;4;5;6;7;8;9;10;11;12;13;14;15;16;17;18;19;20;21;22;23;24;25;26;27;28;29;30;31;32;33;34;35;36;37;38;39;40;41;42;43;44;45;46;47;48;49;50;51,COZYVOICE2;COZYVOICE2;COZYVOICE2;COZYVOICE2;COZYVOICE2
47,LLASA,FamousFigures,LLASA,model_name,3,PASS,14356,7430;7431;7432;7433;7434;7435;7436;7437;7438;7439;7440;7441;7442;7443;7444;7445;7446;7447;7448;7449;7450;7451;7452;7453;7454;7455;7456;7457;7458;7459;7460;7461;7462;7463;7464;7465;7466;7467;7468;7469;7470;7471;7472;7473;7474;7475;7476;7477;7478;7479,LLASA;LLASA;LLASA;LLASA;LLASA
48,Bark,MLAAD-En,Bark,model_name,3,PASS,2000,62002;62003;62004;62005;62006;62007;62008;62009;62010;62011;62012;62013;62014;62015;62016;62017;62018;62019;62020;62021;62022;62023;62024;62025;62026;62027;62028;62029;62030;62031;62032;62033;62034;62035;62036;62037;62038;62039;62040;62041;62042;62043;62044;62045;62046;62047;62048;62049;62050;62051,bark;bark;bark;bark;bark
49,Capacitron,MLAAD-En,capacitron-t2-c50,model_name,3,PASS,1000,64002;64003;64004;64005;64006;64007;64008;64009;64010;64011;64012;64013;64014;64015;64016;64017;64018;64019;64020;64021;64022;64023;64024;64025;64026;64027;64028;64029;64030;64031;64032;64033;64034;64035;64036;64037;64038;64039;64040;64041;64042;64043;64044;64045;64046;64047;64048;64049;64050;64051,capacitron-t2-c50;capacitron-t2-c50;capacitron-t2-c50;capacitron-t2-c50;capacitron-t2-c50
50,FishTTS,MLAAD-En,FishTTS,model_name,3,PASS,1000,5002;5003;5004;5005;5006;5007;5008;5009;5010;5011;5012;5013;5014;5015;5016;5017;5018;5019;5020;5021;5022;5023;5024;5025;5026;5027;5028;5029;5030;5031;5032;5033;5034;5035;5036;5037;5038;5039;5040;5041;5042;5043;5044;5045;5046;5047;5048;5049;5050;5051,FishTTS;FishTTS;FishTTS;FishTTS;FishTTS
51,Indri-TTS-0.1,MLAAD-En,Indri-TTS-0.1,model_name,3,PASS,1000,9002;9003;9004;9005;9006;9007;9008;9009;9010;9011;9012;9013;9014;9015;9016;9017;9018;9019;9020;9021;9022;9023;9024;9025;9026;9027;9028;9029;9030;9031;9032;9033;9034;9035;9036;9037;9038;9039;9040;9041;9042;9043;9044;9045;9046;9047;9048;9049;9050;9051,Indri-TTS-0.1;Indri-TTS-0.1;Indri-TTS-0.1;Indri-TTS-0.1;Indri-TTS-0.1
52,LLASA,MLAAD-En,Llasa-1B,model_name,3,PASS,1000,14002;14003;14004;14005;14006;14007;14008;14009;14010;14011;14012;14013;14014;14015;14016;14017;14018;14019;14020;14021;14022;14023;14024;14025;14026;14027;14028;14029;14030;14031;14032;14033;14034;14035;14036;14037;14038;14039;14040;14041;14042;14043;14044;14045;14046;14047;14048;14049;14050;14051,Llasa-1B;Llasa-1B;Llasa-1B;Llasa-1B;Llasa-1B
53,LLASA,MLAAD-En,Llasa-3B,model_name,3,PASS,1000,16002;16003;16004;16005;16006;16007;16008;16009;16010;16011;16012;16013;16014;16015;16016;16017;16018;16019;16020;16021;16022;16023;16024;16025;16026;16027;16028;16029;16030;16031;16032;16033;16034;16035;16036;16037;16038;16039;16040;16041;16042;16043;16044;16045;16046;16047;16048;16049;16050;16051,Llasa-3B;Llasa-3B;Llasa-3B;Llasa-3B;Llasa-3B
54,LLASA,MLAAD-En,Llasa-8B,model_name,3,PASS,1000,17002;17003;17004;17005;17006;17007;17008;17009;17010;17011;17012;17013;17014;17015;17016;17017;17018;17019;17020;17021;17022;17023;17024;17025;17026;17027;17028;17029;17030;17031;17032;17033;17034;17035;17036;17037;17038;17039;17040;17041;17042;17043;17044;17045;17046;17047;17048;17049;17050;17051,Llasa-8B;Llasa-8B;Llasa-8B;Llasa-8B;Llasa-8B
55,NeuralHMM,MLAAD-En,NeuralHMM,model_name,3,PASS,1000,69002;69003;69004;69005;69006;69007;69008;69009;69010;69011;69012;69013;69014;69015;69016;69017;69018;69019;69020;69021;69022;69023;69024;69025;69026;69027;69028;69029;69030;69031;69032;69033;69034;69035;69036;69037;69038;69039;69040;69041;69042;69043;69044;69045;69046;69047;69048;69049;69050;69051,neural_hmm;neural_hmm;neural_hmm;neural_hmm;neural_hmm
56,OpenVoiceV2,MLAAD-En,OpenVoiceV2,model_name,3,PASS,1000,31002;31003;31004;31005;31006;31007;31008;31009;31010;31011;31012;31013;31014;31015;31016;31017;31018;31019;31020;31021;31022;31023;31024;31025;31026;31027;31028;31029;31030;31031;31032;31033;31034;31035;31036;31037;31038;31039;31040;31041;31042;31043;31044;31045;31046;31047;31048;31049;31050;31051,OpenVoiceV2;OpenVoiceV2;OpenVoiceV2;OpenVoiceV2;OpenVoiceV2
57,Openaudio-S1-Mini,MLAAD-En,Openaudio-S1-Mini,model_name,3,PASS,1000,32002;32003;32004;32005;32006;32007;32008;32009;32010;32011;32012;32013;32014;32015;32016;32017;32018;32019;32020;32021;32022;32023;32024;32025;32026;32027;32028;32029;32030;32031;32032;32033;32034;32035;32036;32037;32038;32039;32040;32041;32042;32043;32044;32045;32046;32047;32048;32049;32050;32051,Openaudio-S1-Mini;Openaudio-S1-Mini;Openaudio-S1-Mini;Openaudio-S1-Mini;Openaudio-S1-Mini
58,Overflow,MLAAD-En,Overflow,model_name,3,PASS,1000,70002;70003;70004;70005;70006;70007;70008;70009;70010;70011;70012;70013;70014;70015;70016;70017;70018;70019;70020;70021;70022;70023;70024;70025;70026;70027;70028;70029;70030;70031;70032;70033;70034;70035;70036;70037;70038;70039;70040;70041;70042;70043;70044;70045;70046;70047;70048;70049;70050;70051,overflow;overflow;overflow;overflow;overflow
59,Parler TTS,MLAAD-En,parler_tts_large_v1,model_name,3,PASS,1000,58002;58003;58004;58005;58006;58007;58008;58009;58010;58011;58012;58013;58014;58015;58016;58017;58018;58019;58020;58021;58022;58023;58024;58025;58026;58027;58028;58029;58030;58031;58032;58033;58034;58035;58036;58037;58038;58039;58040;58041;58042;58043;58044;58045;58046;58047;58048;58049;58050;58051,parler_tts_large_v1;parler_tts_large_v1;parler_tts_large_v1;parler_tts_large_v1;parler_tts_large_v1
60,Parler TTS,MLAAD-En,parler_tts_mini_v1,model_name,3,PASS,1000,60002;60003;60004;60005;60006;60007;60008;60009;60010;60011;60012;60013;60014;60015;60016;60017;60018;60019;60020;60021;60022;60023;60024;60025;60026;60027;60028;60029;60030;60031;60032;60033;60034;60035;60036;60037;60038;60039;60040;60041;60042;60043;60044;60045;60046;60047;60048;60049;60050;60051,parler_tts_mini_v1;parler_tts_mini_v1;parler_tts_mini_v1;parler_tts_mini_v1;parler_tts_mini_v1
61,Sesame CSM 1B,MLAAD-En,sesame_csm,model_name,3,PASS,1000,61002;61003;61004;61005;61006;61007;61008;61009;61010;61011;61012;61013;61014;61015;61016;61017;61018;61019;61020;61021;61022;61023;61024;61025;61026;61027;61028;61029;61030;61031;61032;61033;61034;61035;61036;61037;61038;61039;61040;61041;61042;61043;61044;61045;61046;61047;61048;61049;61050;61051,sesame_csm;sesame_csm;sesame_csm;sesame_csm;sesame_csm
62,Spark TTS,MLAAD-En,spark-TTS-0.5B,model_name,3,PASS,1000,39002;39003;39004;39005;39006;39007;39008;39009;39010;39011;39012;39013;39014;39015;39016;39017;39018;39019;39020;39021;39022;39023;39024;39025;39026;39027;39028;39029;39030;39031;39032;39033;39034;39035;39036;39037;39038;39039;39040;39041;39042;39043;39044;39045;39046;39047;39048;39049;39050;39051,Spark-TTS-0.5B;Spark-TTS-0.5B;Spark-TTS-0.5B;Spark-TTS-0.5B;Spark-TTS-0.5B
63,Tacotron 2,MLAAD-En,Tacotron2,model_name,3,PASS,1000,65002;65003;65004;65005;65006;65007;65008;65009;65010;65011;65012;65013;65014;65015;65016;65017;65018;65019;65020;65021;65022;65023;65024;65025;65026;65027;65028;65029;65030;65031;65032;65033;65034;65035;65036;65037;65038;65039;65040;65041;65042;65043;65044;65045;65046;65047;65048;65049;65050;65051,tacotron2;tacotron2;tacotron2;tacotron2;tacotron2
64,Tacotron 2,MLAAD-En,Tacotron2 DCA,model_name,3,PASS,1000,72002;72003;72004;72005;72006;72007;72008;72009;72010;72011;72012;72013;72014;72015;72016;72017;72018;72019;72020;72021;72022;72023;72024;72025;72026;72027;72028;72029;72030;72031;72032;72033;72034;72035;72036;72037;72038;72039;72040;72041;72042;72043;72044;72045;72046;72047;72048;72049;72050;72051,tacotron2-DCA;tacotron2-DCA;tacotron2-DCA;tacotron2-DCA;tacotron2-DCA
65,Tortoise,MLAAD-En,tortoise-v2,model_name,3,PASS,1000,77002;77003;77004;77005;77006;77007;77008;77009;77010;77011;77012;77013;77014;77015;77016;77017;77018;77019;77020;77021;77022;77023;77024;77025;77026;77027;77028;77029;77030;77031;77032;77033;77034;77035;77036;77037;77038;77039;77040;77041;77042;77043;77044;77045;77046;77047;77048;77049;77050;77051,tortoise-v2;tortoise-v2;tortoise-v2;tortoise-v2;tortoise-v2
66,VITS,MLAAD-En,VITS,model_name,3,PASS,1000,75002;75003;75004;75005;75006;75007;75008;75009;75010;75011;75012;75013;75014;75015;75016;75017;75018;75019;75020;75021;75022;75023;75024;75025;75026;75027;75028;75029;75030;75031;75032;75033;75034;75035;75036;75037;75038;75039;75040;75041;75042;75043;75044;75045;75046;75047;75048;75049;75050;75051,vits;vits;vits;vits;vits
67,Veena,MLAAD-En,Veena,model_name,3,PASS,1000,42002;42003;42004;42005;42006;42007;42008;42009;42010;42011;42012;42013;42014;42015;42016;42017;42018;42019;42020;42021;42022;42023;42024;42025;42026;42027;42028;42029;42030;42031;42032;42033;42034;42035;42036;42037;42038;42039;42040;42041;42042;42043;42044;42045;42046;42047;42048;42049;42050;42051,Veena;Veena;Veena;Veena;Veena
68,WhisperSpeech,MLAAD-En,WhisperSpeech,model_name,3,PASS,1000,46002;46003;46004;46005;46006;46007;46008;46009;46010;46011;46012;46013;46014;46015;46016;46017;46018;46019;46020;46021;46022;46023;46024;46025;46026;46027;46028;46029;46030;46031;46032;46033;46034;46035;46036;46037;46038;46039;46040;46041;46042;46043;46044;46045;46046;46047;46048;46049;46050;46051,WhisperSpeech;WhisperSpeech;WhisperSpeech;WhisperSpeech;WhisperSpeech
69,MQTTS,Spoof-Celeb,A15,model_name,3,PASS,9113,9115;9116;9117;9118;9119;9120;9121;9122;9123;9124;9125;9126;9127;9128;9129;9130;9131;9132;9133;9134;9135;9136;9137;9138;9139;9140;9141;9142;9143;9144;9145;9146;9147;9148;9149;9150;9151;9152;9153;9154;9155;9156;9157;9158;9159;9160;9161;9162;9163;9164,a15;a15;a15;a15;a15
70,VALL-E,Spoof-Celeb,A16,model_name,3,PASS,9113,18228;18229;18230;18231;18232;18233;18234;18235;18236;18237;18238;18239;18240;18241;18242;18243;18244;18245;18246;18247;18248;18249;18250;18251;18252;18253;18254;18255;18256;18257;18258;18259;18260;18261;18262;18263;18264;18265;18266;18267;18268;18269;18270;18271;18272;18273;18274;18275;18276;18277,a16;a16;a16;a16;a16
71,Multi-scale Transformer,Spoof-Celeb,A19,model_name,3,PASS,9113,45567;45568;45569;45570;45571;45572;45573;45574;45575;45576;45577;45578;45579;45580;45581;45582;45583;45584;45585;45586;45587;45588;45589;45590;45591;45592;45593;45594;45595;45596;45597;45598;45599;45600;45601;45602;45603;45604;45605;45606;45607;45608;45609;45610;45611;45612;45613;45614;45615;45616,a19;a19;a19;a19;a19
72,Multi-scale Transformer (pre-trained),Spoof-Celeb,A20,model_name,3,PASS,9113,54680;54681;54682;54683;54684;54685;54686;54687;54688;54689;54690;54691;54692;54693;54694;54695;54696;54697;54698;54699;54700;54701;54702;54703;54704;54705;54706;54707;54708;54709;54710;54711;54712;54713;54714;54715;54716;54717;54718;54719;54720;54721;54722;54723;54724;54725;54726;54727;54728;54729,a20;a20;a20;a20;a20
73,TransformerTTS,Spoof-Celeb,A21,model_name,3,PASS,9113,63793;63794;63795;63796;63797;63798;63799;63800;63801;63802;63803;63804;63805;63806;63807;63808;63809;63810;63811;63812;63813;63814;63815;63816;63817;63818;63819;63820;63821;63822;63823;63824;63825;63826;63827;63828;63829;63830;63831;63832;63833;63834;63835;63836;63837;63838;63839;63840;63841;63842,a21;a21;a21;a21;a21
